Organization,Followed On
Trilogy AI Center of Excellence,Thu Feb 05 14:20:05 UTC 2026
OpenOps,Wed Jul 23 18:36:46 UTC 2025
AI Crush,Wed Jan 08 20:10:05 UTC 2025
MLOps community,Fri Jan 03 09:56:05 UTC 2025
OOST® Nutrition,Mon Dec 30 17:11:08 UTC 2024
ChartMogul,Thu Oct 10 10:15:46 UTC 2024
AWS Partners,Fri Jun 28 10:24:49 UTC 2024
Solution Architecture,Tue Jun 18 14:41:24 UTC 2024
Artificial Intelligence,Tue Jun 18 14:41:02 UTC 2024
Bonterra,Wed Aug 30 18:51:46 UTC 2023
Francioni,Sun Aug 20 12:56:16 UTC 2023
FinOps Foundation,Tue Jul 18 19:10:30 UTC 2023
Reglex,Tue Jun 27 17:24:45 UTC 2023
Application Performance Ltd,Fri Jun 09 08:31:28 UTC 2023
Nighthawk Software,Fri Dec 09 12:41:34 UTC 2022
PFA Ireland,Mon Nov 21 12:45:25 UTC 2022
AWS Made Easy,Tue May 31 09:59:50 UTC 2022
Terry McDonagh Photography,Wed May 18 19:20:05 UTC 2022
Trilogy,Fri Mar 25 14:05:11 UTC 2022
Crossover,Fri Mar 25 14:04:58 UTC 2022
DevGraph,Thu Mar 10 18:24:14 UTC 2022
Aurea,Thu Mar 10 18:24:12 UTC 2022
CloudFix,Thu Mar 10 18:24:07 UTC 2022
KTSL,Thu Jul 13 09:01:56 UTC 2023
Opa Mind,Mon Mar 22 11:35:06 UTC 2021
Codú,Tue Jun 30 21:35:27 UTC 2020
EthicalWeb.Ai (OTCQB: BBLR),Thu Feb 13 15:25:39 UTC 2020
AWS User Groups,Wed Sep 11 11:25:51 UTC 2019
Amazon Web Services (AWS),Thu Mar 21 11:04:53 UTC 2019
VISION Consulting,Thu Nov 22 15:32:32 UTC 2018
Shamrock Rovers F.C.,Tue Dec 06 07:48:13 UTC 2011
Scapa Technologies,Mon May 31 03:29:06 UTC 2010