Date/Time,Media Description,Media Link
"You uploaded a photo on October 5, 2023 at 7:49 AM (GMT)", -,https://media.licdn.com/dms/image/v2/D4E2CAQFNrEQZHaQorA/comment-image-shrink_8192_1280/comment-image-shrink_8192_1280/0/1696492193191?e=1771876800&v=beta&t=Q3BBS5cjJuMsJZoQ51xI-xmUJ04neO4B61aywcUJpyw
"You uploaded a feed photo on October 2, 2023 at 11:24 AM (GMT)", -,https://media.licdn.com/dms/image/v2/D4E22AQFWTDTmRECFzw/feedshare-shrink_2048_1536/feedshare-shrink_2048_1536/0/1696245882989?e=1772668800&v=beta&t=PHLti1DNKRCjgb95UcyCaLxe97yZZn_gcbAtGD__dSQ
"You uploaded a photo on June 8, 2023 at 5:40 PM (GMT)", -,https://media.licdn.com/dms/image/v2/D4E2CAQFLCj61JTn8cg/comment-image-shrink_8192_1280/comment-image-shrink_8192_1280/0/1686246060244?e=1771876800&v=beta&t=Rsz26eM55NtvEJwhvTRZPFn8u9YFdrVuOnoKSAtzS50
"You uploaded a feed photo on December 9, 2022 at 12:52 PM (GMT)", -,https://media.licdn.com/dms/image/v2/C4E22AQEzwR_wwYBC7w/feedshare-shrink_2048_1536/feedshare-shrink_2048_1536/0/1670590323272?e=1772668800&v=beta&t=JcdxP4hNYZuj-JblGct3tPnNVmHZxEYLBiA36hKt5LM
"You uploaded a feed photo on August 26, 2022 at 11:55 AM (GMT)", -,https://media.licdn.com/dms/image/v2/C5622AQF45tmzchhenw/feedshare-shrink_2048_1536/feedshare-shrink_2048_1536/0/1661514913997?e=1772668800&v=beta&t=ecBpCINAoTFNHaopr7A3tIhrXHvDFzBJ54kInHkVPCI
"You uploaded a feed document on December 12, 2019 at 9:00 PM (GMT)", -,https://media.licdn.com/dms/document/media/v2/C4D1FAQFAbfz2Cbe0_w/feedshare-document-url-metadata-scrapper-pdf/feedshare-document-url-metadata-scrapper-pdf/0/1619319903573?e=1771876800&v=beta&t=gBsskkYUCoAkfCg0CiT_MPjo0wGglBW8zfbtZk-qAxk
"You uploaded a feed photo on October 1, 2019 at 10:21 AM (GMT)", -,https://media.licdn.com/dms/image/v2/C4E22AQHf3_lu5U8jYA/feedshare-shrink_2048_1536/feedshare-shrink_2048_1536/0/1569925279736?e=1772668800&v=beta&t=bUCa33mNys-tg1gN8yiVjt4Ra5ZeNHYEueuRGY4wptg
"You uploaded a feed photo on June 6, 2019 at 3:51 PM (GMT)", -,https://media.licdn.com/dms/image/v2/C4E22AQHS0dK7CNpf7Q/feedshare-shrink_20/feedshare-shrink_20/0/1559836303173?e=1772668800&v=beta&t=w3lWJvoIfNXaG7HS-S00k1x13Z5WhkKPfDKLT_nxWNw
"You uploaded a profile photo on March 13, 2019 at 12:08 PM (GMT)", -,https://media.licdn.com/dms/image/v2/C4E03AQGF-AGFv1uEQg/profile-displayphoto-shrink_100_100/profile-displayphoto-shrink_100_100/0/1552478888498?e=1772668800&v=beta&t=Lbc6776QZuYAYheDLb6Oes_S1BQrgQgkvOOvBKtmWA0
"You uploaded a profile photo on March 13, 2019 at 12:08 PM (GMT)", -,https://media.licdn.com/dms/image/v2/C4E04AQF7Ax0F_zXNiA/profile-originalphoto-shrink_900_1200/profile-originalphoto-shrink_900_1200/0/1552478892470?e=1772668800&v=beta&t=FFvaFJtfPqxtvG0zz8CY2_qCkSe6ddl8W8Wteyz5cj0
"You uploaded a feed photo on December 4, 2018 at 3:13 PM (GMT)", -,https://media.licdn.com/dms/image/v2/C4E22AQEu64cf4J5zFg/feedshare-shrink_1280/feedshare-shrink_1280/0/1543936416453?e=1772668800&v=beta&t=iShD7enDisy6N6OiIdttQ_3tQNxHzCsTl08-U4stFs4
"You uploaded a article inline photo on May 24, 2018 at 11:54 AM (GMT)", -,https://media.licdn.com/dms/image/v2/C4E12AQEng2s9LRQymQ/article-inline_image-shrink_1500_2232/article-inline_image-shrink_1500_2232/0/1527162890555?e=1772668800&v=beta&t=dWIXVGc_Cdp6DrpZ-Rx-uUBn05mCCDycfsuHjv-OawI
"You uploaded a article inline photo on May 24, 2018 at 11:54 AM (GMT)", -,https://media.licdn.com/dms/image/v2/C4E12AQFGGTRTWeekMQ/article-inline_image-shrink_1500_2232/article-inline_image-shrink_1500_2232/0/1527162876150?e=1772668800&v=beta&t=OrtilYTYkJgTkGFXeXUbY98jJFTesM6ViLGhslSsUSk
"You uploaded a article cover photo on May 24, 2018 at 11:52 AM (GMT)", -,https://media.licdn.com/dms/image/v2/C4E12AQHtT5UJw2hNbQ/article-cover_image-shrink_600_2000/article-cover_image-shrink_600_2000/0/1527162769570?e=1772668800&v=beta&t=0381FtKiDDtgyuH09YJWNqJxxjcukH-VKu0iuXvjJzY
"You uploaded a article cover photo on March 4, 2018 at 8:45 PM (GMT)", -,https://media.licdn.com/dms/image/v2/C4D12AQG3rni_wOdzDA/article-cover_image-shrink_600_2000/article-cover_image-shrink_600_2000/0/1520196307092?e=1772668800&v=beta&t=TXfhvcnyhbEnTOYdRTKxWuSmG57rHSnPI7ZahEyCoqs
"You uploaded a article cover photo on March 4, 2018 at 6:12 PM (GMT)", -,https://media.licdn.com/dms/image/v2/C4D12AQFcYGweOdCmmA/article-cover_image-shrink_600_2000/article-cover_image-shrink_600_2000/0/1520187177724?e=1772668800&v=beta&t=W_rzJxPU7ET61r2UCEf9JgVxGUIoniFJogpqkidb-Y4
"You uploaded a article cover photo on March 4, 2018 at 9:34 AM (GMT)", -,https://media.licdn.com/dms/image/v2/C4D12AQFpJWkI_wGNCQ/article-cover_image-shrink_600_2000/article-cover_image-shrink_600_2000/0/1520156056689?e=1772668800&v=beta&t=VQZJPD6J5wH6veEEjbsbdsVGmg-7WmtWvawyoZe1NlU
"You uploaded a article cover photo on March 4, 2018 at 1:58 AM (GMT)", -,https://media.licdn.com/dms/image/v2/C4D12AQHCwKIj6ckLMQ/article-cover_image-shrink_600_2000/article-cover_image-shrink_600_2000/0/1520128683117?e=1772668800&v=beta&t=ZSapmR15urUH75QYX44QGiKcuAzmIlfNzpHTSvNpo68
